,Species,Days Since Death,Carver Bid,Winning Bid,Revenue From Selling Components
0,Winter Wolf,5,25sp,25sp,29sp
1,Yeti,3,62sp,62sp,65sp
2,Snow Serpent,8,19sp,19sp,28sp
3,Yeti,5,53sp,53sp,61sp
4,Snow Serpent,5,15sp,16sp,N/A
5,Snow Serpent,9,23sp,23sp,24sp
6,Snow Serpent,6,24sp,24sp,29sp
7,Winter Wolf,5,27sp,27sp,26sp
8,Winter Wolf,1,37sp,38sp,N/A
9,Winter Wolf,3,32sp,32sp,41sp
10,Yeti,9,34sp,34sp,41sp
11,Snow Serpent,0,15sp,60sp,N/A
12,Winter Wolf,6,23sp,23sp,26sp
13,Snow Serpent,2,12sp,20sp,N/A
14,Snow Serpent,4,19sp,19sp,26sp
15,Snow Serpent,4,24sp,24sp,32sp
16,Snow Serpent,8,14sp,14sp,N/A
17,Winter Wolf,4,25sp,25sp,32sp
18,Winter Wolf,0,42sp,50sp,N/A
19,Winter Wolf,7,15sp,20sp,N/A
20,Winter Wolf,4,26sp,26sp,32sp
21,Winter Wolf,1,35sp,38sp,N/A
22,Winter Wolf,9,18sp,20sp,N/A
23,Winter Wolf,3,24sp,24sp,32sp
24,Winter Wolf,3,29sp,29sp,35sp
25,Winter Wolf,1,30sp,38sp,N/A
26,Winter Wolf,6,25sp,25sp,31sp
27,Yeti,4,55sp,55sp,68sp
28,Snow Serpent,0,17sp,60sp,N/A
29,Snow Serpent,2,13sp,20sp,N/A
30,Snow Serpent,1,21sp,40sp,N/A
31,Winter Wolf,5,28sp,28sp,34sp
32,Winter Wolf,0,39sp,50sp,N/A
33,Winter Wolf,5,20sp,21sp,N/A
34,Yeti,8,35sp,35sp,54sp
35,Snow Serpent,11,21sp,21sp,24sp
36,Yeti,3,53sp,53sp,64sp
37,Yeti,0,65sp,65sp,73sp
38,Winter Wolf,8,9sp,20sp,N/A
39,Winter Wolf,1,38sp,38sp,N/A
40,Winter Wolf,9,16sp,22sp,N/A
41,Winter Wolf,4,26sp,26sp,36sp
42,Snow Serpent,0,17sp,60sp,N/A
43,Winter Wolf,1,41sp,41sp,33sp
44,Winter Wolf,1,31sp,38sp,N/A
45,Winter Wolf,1,41sp,41sp,38sp
46,Winter Wolf,4,34sp,34sp,32sp
47,Yeti,8,36sp,36sp,45sp
48,Winter Wolf,10,16sp,23sp,N/A
49,Winter Wolf,3,27sp,27sp,33sp
50,Winter Wolf,0,38sp,50sp,N/A
51,Snow Serpent,0,17sp,60sp,N/A
52,Yeti,2,37sp,43sp,N/A
53,Winter Wolf,2,32sp,32sp,32sp
54,Snow Serpent,11,15sp,17sp,N/A
55,Snow Serpent,10,18sp,18sp,27sp
56,Winter Wolf,0,39sp,50sp,N/A
57,Winter Wolf,1,38sp,38sp,N/A
58,Snow Serpent,2,16sp,20sp,N/A
59,Winter Wolf,5,26sp,26sp,28sp
60,Winter Wolf,5,26sp,26sp,27sp
61,Winter Wolf,1,38sp,38sp,N/A
62,Yeti,1,50sp,50sp,71sp
63,Snow Serpent,3,16sp,16sp,31sp
64,Snow Serpent,4,15sp,15sp,28sp
65,Winter Wolf,6,23sp,23sp,N/A
66,Snow Serpent,1,16sp,40sp,N/A
67,Snow Serpent,4,15sp,15sp,28sp
68,Snow Serpent,0,17sp,60sp,N/A
69,Winter Wolf,0,44sp,50sp,N/A
70,Yeti,8,40sp,40sp,50sp
71,Winter Wolf,1,32sp,38sp,N/A
72,Yeti,0,38sp,55sp,N/A
73,Snow Serpent,2,16sp,20sp,N/A
74,Yeti,4,46sp,46sp,54sp
75,Winter Wolf,2,38sp,38sp,28sp
76,Yeti,4,41sp,41sp,60sp
77,Snow Serpent,0,17sp,60sp,N/A
78,Winter Wolf,3,27sp,27sp,30sp
79,Winter Wolf,0,42sp,50sp,N/A
80,Yeti,0,50sp,55sp,N/A
81,Snow Serpent,1,18sp,40sp,N/A
82,Snow Serpent,2,16sp,20sp,N/A
83,Snow Serpent,1,18sp,40sp,N/A
84,Winter Wolf,6,22sp,22sp,N/A
85,Winter Wolf,2,34sp,34sp,37sp
86,Snow Serpent,6,13sp,13sp,26sp
87,Yeti,0,60sp,60sp,77sp
88,Winter Wolf,2,34sp,34sp,38sp
89,Winter Wolf,4,31sp,31sp,27sp
90,Winter Wolf,3,27sp,27sp,35sp
91,Snow Serpent,8,17sp,17sp,26sp
92,Winter Wolf,3,24sp,24sp,30sp
93,Snow Serpent,0,19sp,60sp,N/A
94,Winter Wolf,2,33sp,33sp,37sp
95,Winter Wolf,5,25sp,25sp,28sp
96,Winter Wolf,1,37sp,38sp,N/A
97,Winter Wolf,2,32sp,32sp,36sp
98,Snow Serpent,8,11sp,11sp,27sp
99,Snow Serpent,2,16sp,20sp,N/A
100,Snow Serpent,6,17sp,17sp,31sp
101,Winter Wolf,4,31sp,31sp,27sp
102,Snow Serpent,2,20sp,20sp,N/A
103,Winter Wolf,3,38sp,38sp,39sp
104,Snow Serpent,0,18sp,60sp,N/A
105,Snow Serpent,7,10sp,11sp,N/A
106,Yeti,5,45sp,45sp,57sp
107,Snow Serpent,1,22sp,40sp,N/A
108,Snow Serpent,3,19sp,19sp,31sp
109,Yeti,2,61sp,61sp,66sp
110,Winter Wolf,4,25sp,25sp,33sp
111,Yeti,7,42sp,42sp,46sp
112,Winter Wolf,6,27sp,27sp,31sp
113,Snow Serpent,9,11sp,11sp,25sp
114,Winter Wolf,4,28sp,28sp,31sp
115,Winter Wolf,0,34sp,50sp,N/A
116,Snow Serpent,0,21sp,60sp,N/A
117,Yeti,3,32sp,37sp,N/A
118,Winter Wolf,7,24sp,24sp,22sp
119,Snow Serpent,0,18sp,60sp,N/A
120,Snow Serpent,3,14sp,17sp,N/A
121,Winter Wolf,0,37sp,50sp,N/A
122,Snow Serpent,4,20sp,20sp,27sp
123,Winter Wolf,0,39sp,50sp,N/A
124,Snow Serpent,0,13sp,60sp,N/A
125,Snow Serpent,0,17sp,60sp,N/A
126,Snow Serpent,4,21sp,21sp,30sp
127,Snow Serpent,2,13sp,20sp,N/A
128,Winter Wolf,0,39sp,50sp,N/A
129,Winter Wolf,3,27sp,27sp,32sp
130,Yeti,3,49sp,49sp,65sp
131,Winter Wolf,2,28sp,28sp,40sp
132,Snow Serpent,2,18sp,20sp,N/A
133,Winter Wolf,0,43sp,50sp,N/A
134,Snow Serpent,1,12sp,40sp,N/A
135,Winter Wolf,3,32sp,32sp,30sp
136,Yeti,5,60sp,60sp,59sp
137,Snow Serpent,0,19sp,60sp,N/A
138,Yeti,1,57sp,57sp,68sp
139,Winter Wolf,8,18sp,22sp,N/A
140,Winter Wolf,4,29sp,29sp,35sp
141,Winter Wolf,3,27sp,27sp,31sp
142,Winter Wolf,1,38sp,38sp,N/A
143,Snow Serpent,2,24sp,24sp,29sp
144,Winter Wolf,1,36sp,38sp,N/A
145,Snow Serpent,8,26sp,26sp,31sp
146,Snow Serpent,6,16sp,16sp,N/A
147,Snow Serpent,7,17sp,17sp,30sp
148,Winter Wolf,1,43sp,43sp,40sp
149,Winter Wolf,1,40sp,40sp,37sp
150,Snow Serpent,10,22sp,22sp,27sp
151,Winter Wolf,2,38sp,38sp,29sp
152,Yeti,1,43sp,49sp,N/A
153,Winter Wolf,5,25sp,25sp,25sp
154,Snow Serpent,0,12sp,60sp,N/A
155,Snow Serpent,1,14sp,40sp,N/A
156,Yeti,6,42sp,42sp,50sp
157,Snow Serpent,2,14sp,20sp,N/A
158,Snow Serpent,4,20sp,20sp,27sp
159,Yeti,4,51sp,51sp,58sp
160,Winter Wolf,4,26sp,26sp,37sp
161,Snow Serpent,2,17sp,20sp,N/A
162,Yeti,6,43sp,43sp,56sp
163,Yeti,6,29sp,31sp,N/A
164,Snow Serpent,1,10sp,40sp,N/A
165,Yeti,0,59sp,59sp,74sp
166,Winter Wolf,4,32sp,32sp,32sp
167,Winter Wolf,1,38sp,38sp,N/A
168,Winter Wolf,2,37sp,37sp,33sp
169,Winter Wolf,4,25sp,25sp,32sp
170,Yeti,0,57sp,57sp,73sp
171,Winter Wolf,3,35sp,35sp,31sp
172,Snow Serpent,3,17sp,17sp,31sp
173,Winter Wolf,5,31sp,31sp,28sp
174,Yeti,6,50sp,50sp,53sp
175,Snow Serpent,2,10sp,20sp,N/A
176,Snow Serpent,5,20sp,20sp,27sp
177,Winter Wolf,10,9sp,21sp,N/A
178,Winter Wolf,5,25sp,25sp,32sp
179,Yeti,0,62sp,62sp,74sp
180,Winter Wolf,0,37sp,50sp,N/A
181,Yeti,0,54sp,55sp,N/A
182,Winter Wolf,2,33sp,33sp,33sp
183,Winter Wolf,2,33sp,33sp,35sp
184,Winter Wolf,0,45sp,50sp,N/A
185,Winter Wolf,1,38sp,38sp,N/A
186,Snow Serpent,6,13sp,13sp,27sp
187,Yeti,3,49sp,49sp,66sp
188,Yeti,5,50sp,50sp,53sp
189,Winter Wolf,4,28sp,28sp,34sp
190,Yeti,3,47sp,47sp,69sp
191,Winter Wolf,1,37sp,38sp,N/A
192,Winter Wolf,0,39sp,50sp,N/A
193,Winter Wolf,3,35sp,35sp,35sp
194,Winter Wolf,1,39sp,39sp,37sp
195,Winter Wolf,1,38sp,38sp,N/A
196,Yeti,0,40sp,55sp,N/A
197,Snow Serpent,4,20sp,20sp,27sp
198,Snow Serpent,2,11sp,20sp,N/A
199,Winter Wolf,5,20sp,22sp,N/A
200,Yeti,3,32sp,37sp,N/A
201,Winter Wolf,2,34sp,34sp,27sp
202,Yeti,5,32sp,32sp,54sp
203,Snow Serpent,6,23sp,23sp,24sp
204,Snow Serpent,6,21sp,21sp,22sp
205,Winter Wolf,1,36sp,38sp,N/A
206,Winter Wolf,3,33sp,33sp,35sp
207,Winter Wolf,9,17sp,23sp,N/A
208,Winter Wolf,6,20sp,22sp,N/A
209,Yeti,0,54sp,55sp,N/A
210,Snow Serpent,10,20sp,20sp,24sp
211,Snow Serpent,0,20sp,60sp,N/A
212,Winter Wolf,4,25sp,25sp,34sp
213,Snow Serpent,2,21sp,21sp,24sp
214,Winter Wolf,7,24sp,24sp,30sp
215,Winter Wolf,3,32sp,32sp,40sp
216,Winter Wolf,3,25sp,25sp,32sp
217,Snow Serpent,7,22sp,22sp,24sp
218,Winter Wolf,1,36sp,38sp,N/A
219,Snow Serpent,7,9sp,10sp,N/A
220,Winter Wolf,1,33sp,38sp,N/A
221,Winter Wolf,0,42sp,50sp,N/A
222,Winter Wolf,10,11sp,20sp,N/A
223,Snow Serpent,9,13sp,13sp,26sp
224,Winter Wolf,0,44sp,50sp,N/A
225,Snow Serpent,3,12sp,14sp,N/A
226,Snow Serpent,3,16sp,16sp,25sp
227,Winter Wolf,0,34sp,50sp,N/A
228,Snow Serpent,6,22sp,22sp,28sp
229,Winter Wolf,8,19sp,20sp,N/A
230,Snow Serpent,2,20sp,20sp,N/A
231,Winter Wolf,0,47sp,50sp,N/A
232,Snow Serpent,2,23sp,23sp,29sp
233,Winter Wolf,0,42sp,50sp,N/A
234,Winter Wolf,8,20sp,21sp,N/A
235,Winter Wolf,7,23sp,23sp,23sp
236,Yeti,10,39sp,39sp,39sp
237,Winter Wolf,1,38sp,38sp,N/A
238,Snow Serpent,7,20sp,20sp,25sp
239,Winter Wolf,3,31sp,31sp,40sp
240,Winter Wolf,6,25sp,25sp,30sp
241,Yeti,1,52sp,52sp,72sp
242,Winter Wolf,1,37sp,38sp,N/A
243,Snow Serpent,10,12sp,16sp,N/A
244,Yeti,2,49sp,49sp,68sp
245,Snow Serpent,7,14sp,16sp,N/A
246,Winter Wolf,1,41sp,41sp,42sp
247,Snow Serpent,1,13sp,40sp,N/A
248,Snow Serpent,2,22sp,22sp,28sp
249,Winter Wolf,2,30sp,30sp,35sp
250,Yeti,1,49sp,49sp,N/A
251,Yeti,6,31sp,34sp,N/A
252,Winter Wolf,1,36sp,38sp,N/A
253,Snow Serpent,1,13sp,40sp,N/A
254,Winter Wolf,4,22sp,23sp,N/A
255,Snow Serpent,6,19sp,19sp,26sp
256,Winter Wolf,0,40sp,50sp,N/A
257,Snow Serpent,0,14sp,60sp,N/A
258,Winter Wolf,7,18sp,22sp,N/A
259,Snow Serpent,2,22sp,22sp,23sp
260,Snow Serpent,3,19sp,19sp,28sp
261,Winter Wolf,5,28sp,28sp,24sp
262,Winter Wolf,1,41sp,41sp,37sp
263,Yeti,3,32sp,37sp,N/A
264,Yeti,7,44sp,44sp,49sp
265,Yeti,7,33sp,34sp,N/A
266,Snow Serpent,3,17sp,17sp,N/A
267,Yeti,0,39sp,55sp,N/A
268,Snow Serpent,7,20sp,20sp,27sp
269,Winter Wolf,5,27sp,27sp,35sp
270,Winter Wolf,2,35sp,35sp,36sp
271,Snow Serpent,3,19sp,19sp,27sp
272,Snow Serpent,0,18sp,60sp,N/A
273,Snow Serpent,5,24sp,24sp,23sp
274,Snow Serpent,0,17sp,60sp,N/A
275,Winter Wolf,2,34sp,34sp,38sp
276,Yeti,5,26sp,33sp,N/A
277,Winter Wolf,3,30sp,30sp,33sp
278,Winter Wolf,2,27sp,27sp,39sp
279,Winter Wolf,1,37sp,38sp,N/A
280,Winter Wolf,1,34sp,38sp,N/A
281,Snow Serpent,3,18sp,18sp,25sp
282,Winter Wolf,4,28sp,28sp,36sp
283,Yeti,8,45sp,45sp,54sp
284,Snow Serpent,1,24sp,40sp,N/A
285,Winter Wolf,0,40sp,50sp,N/A
286,Winter Wolf,8,17sp,20sp,N/A
287,Winter Wolf,0,38sp,50sp,N/A
288,Snow Serpent,4,18sp,18sp,27sp
289,Yeti,6,57sp,57sp,51sp
290,Winter Wolf,5,21sp,21sp,31sp
291,Winter Wolf,0,36sp,50sp,N/A
292,Snow Serpent,0,27sp,60sp,N/A
293,Winter Wolf,3,24sp,24sp,32sp
294,Winter Wolf,3,29sp,29sp,29sp
295,Winter Wolf,2,34sp,34sp,37sp
296,Snow Serpent,0,21sp,60sp,N/A
297,Snow Serpent,1,16sp,40sp,N/A
298,Snow Serpent,9,18sp,18sp,24sp
299,Yeti,1,43sp,49sp,N/A
300,Snow Serpent,2,17sp,20sp,N/A
301,Winter Wolf,6,19sp,23sp,N/A
302,Snow Serpent,0,16sp,60sp,N/A
303,Snow Serpent,5,18sp,18sp,27sp
304,Winter Wolf,3,25sp,25sp,32sp
305,Winter Wolf,2,29sp,29sp,43sp
306,Winter Wolf,5,30sp,30sp,29sp
307,Winter Wolf,0,42sp,50sp,N/A
308,Winter Wolf,2,34sp,34sp,34sp
309,Snow Serpent,3,19sp,19sp,28sp
310,Winter Wolf,9,14sp,21sp,N/A
311,Winter Wolf,0,45sp,50sp,N/A
312,Winter Wolf,9,10sp,21sp,N/A
313,Winter Wolf,9,13sp,23sp,N/A
314,Yeti,1,58sp,58sp,71sp
315,Winter Wolf,5,25sp,25sp,23sp
316,Winter Wolf,5,24sp,24sp,36sp
317,Winter Wolf,0,43sp,50sp,N/A
318,Winter Wolf,2,36sp,36sp,28sp
319,Snow Serpent,3,24sp,24sp,28sp
320,Winter Wolf,8,20sp,21sp,N/A
321,Snow Serpent,6,13sp,13sp,27sp
322,Winter Wolf,0,38sp,50sp,N/A
323,Snow Serpent,7,19sp,19sp,25sp
324,Winter Wolf,4,29sp,29sp,27sp
325,Winter Wolf,7,20sp,21sp,N/A
326,Snow Serpent,8,18sp,18sp,28sp
327,Snow Serpent,1,13sp,40sp,N/A
328,Winter Wolf,3,31sp,31sp,35sp
329,Snow Serpent,8,13sp,13sp,N/A
330,Winter Wolf,0,37sp,50sp,N/A
331,Snow Serpent,3,23sp,23sp,31sp
332,Winter Wolf,4,32sp,32sp,31sp
333,Snow Serpent,8,25sp,25sp,25sp
334,Winter Wolf,0,39sp,50sp,N/A
335,Snow Serpent,1,20sp,40sp,N/A
336,Winter Wolf,6,20sp,20sp,N/A
337,Winter Wolf,2,38sp,38sp,34sp
338,Snow Serpent,2,16sp,20sp,N/A
339,Winter Wolf,0,45sp,50sp,N/A
340,Winter Wolf,8,18sp,22sp,N/A
341,Snow Serpent,4,24sp,24sp,26sp
342,Winter Wolf,0,42sp,50sp,N/A
343,Snow Serpent,3,18sp,18sp,28sp
344,Snow Serpent,4,22sp,22sp,27sp
345,Snow Serpent,5,22sp,22sp,31sp
346,Yeti,2,50sp,50sp,66sp
347,Winter Wolf,1,35sp,38sp,N/A
348,Winter Wolf,1,35sp,38sp,N/A
349,Yeti,2,47sp,47sp,71sp
350,Yeti,1,46sp,49sp,N/A
351,Winter Wolf,6,26sp,26sp,26sp
352,Snow Serpent,5,21sp,21sp,28sp
353,Winter Wolf,0,40sp,50sp,N/A
354,Winter Wolf,8,22sp,22sp,21sp
355,Snow Serpent,3,24sp,24sp,27sp
356,Winter Wolf,0,45sp,50sp,N/A
357,Yeti,1,57sp,57sp,69sp
358,Winter Wolf,1,37sp,38sp,N/A
359,Snow Serpent,3,17sp,17sp,N/A
360,Winter Wolf,10,14sp,21sp,N/A
361,Snow Serpent,6,19sp,19sp,23sp
362,Yeti,4,61sp,61sp,55sp
363,Winter Wolf,4,33sp,33sp,28sp
364,Winter Wolf,9,12sp,21sp,N/A
365,Winter Wolf,0,40sp,50sp,N/A
366,Snow Serpent,6,24sp,24sp,30sp
367,Winter Wolf,0,39sp,50sp,N/A
368,Winter Wolf,7,19sp,21sp,N/A
369,Winter Wolf,6,25sp,25sp,19sp
370,Snow Serpent,4,21sp,21sp,27sp
371,Winter Wolf,9,13sp,22sp,N/A
372,Winter Wolf,2,32sp,32sp,30sp
373,Winter Wolf,0,45sp,50sp,N/A
374,Winter Wolf,4,26sp,26sp,35sp
375,Winter Wolf,2,36sp,36sp,28sp
376,Winter Wolf,6,22sp,22sp,24sp
377,Winter Wolf,9,10sp,22sp,N/A
378,Snow Serpent,8,19sp,19sp,25sp
379,Snow Serpent,4,18sp,18sp,24sp
380,Winter Wolf,0,44sp,50sp,N/A
381,Winter Wolf,2,32sp,32sp,39sp
382,Yeti,6,50sp,50sp,58sp
383,Winter Wolf,0,34sp,50sp,N/A
384,Winter Wolf,0,47sp,50sp,N/A
385,Yeti,10,32sp,32sp,N/A
386,Snow Serpent,7,10sp,15sp,N/A
387,Winter Wolf,2,36sp,36sp,39sp
388,Yeti,3,43sp,43sp,64sp
389,Snow Serpent,8,16sp,16sp,31sp
390,Winter Wolf,8,13sp,20sp,N/A
391,Snow Serpent,4,19sp,19sp,27sp
392,Snow Serpent,1,18sp,40sp,N/A
393,Snow Serpent,2,18sp,20sp,N/A
394,Winter Wolf,0,39sp,50sp,N/A
395,Snow Serpent,10,21sp,21sp,26sp
396,Snow Serpent,8,22sp,22sp,30sp
397,Winter Wolf,0,41sp,50sp,N/A
398,Winter Wolf,5,30sp,30sp,27sp
399,Snow Serpent,6,18sp,18sp,29sp
400,Yeti,3,47sp,47sp,62sp
401,Snow Serpent,3,24sp,24sp,30sp
402,Winter Wolf,3,26sp,26sp,36sp
403,Winter Wolf,6,24sp,24sp,28sp
404,Winter Wolf,5,22sp,22sp,N/A
405,Snow Serpent,3,18sp,18sp,27sp
406,Snow Serpent,5,10sp,15sp,N/A
407,Snow Serpent,3,15sp,15sp,26sp
408,Winter Wolf,3,36sp,36sp,34sp
409,Snow Serpent,3,14sp,14sp,23sp
410,Yeti,0,56sp,56sp,75sp
411,Winter Wolf,3,27sp,27sp,37sp
412,Snow Serpent,5,16sp,16sp,27sp
413,Snow Serpent,0,12sp,60sp,N/A
414,Yeti,2,46sp,46sp,70sp
415,Winter Wolf,5,28sp,28sp,28sp
416,Snow Serpent,0,21sp,60sp,N/A
417,Winter Wolf,0,36sp,50sp,N/A
418,Snow Serpent,9,19sp,19sp,28sp
419,Yeti,4,48sp,48sp,56sp
420,Yeti,6,31sp,31sp,N/A
421,Snow Serpent,2,17sp,20sp,N/A
422,Winter Wolf,2,28sp,28sp,33sp
423,Snow Serpent,5,20sp,20sp,30sp
424,Winter Wolf,5,24sp,24sp,34sp
425,Winter Wolf,2,29sp,29sp,32sp
426,Snow Serpent,9,16sp,16sp,28sp
427,Snow Serpent,3,20sp,20sp,29sp
428,Snow Serpent,7,19sp,19sp,23sp
429,Winter Wolf,4,30sp,30sp,37sp
430,Winter Wolf,1,36sp,38sp,N/A
431,Yeti,2,48sp,48sp,66sp
432,Yeti,2,37sp,43sp,N/A
433,Snow Serpent,4,20sp,20sp,25sp
434,Snow Serpent,2,17sp,20sp,N/A
435,Winter Wolf,1,35sp,38sp,N/A
436,Winter Wolf,1,41sp,41sp,41sp
437,Winter Wolf,0,46sp,50sp,N/A
438,Winter Wolf,4,24sp,24sp,29sp
439,Yeti,7,37sp,37sp,51sp
440,Yeti,2,53sp,53sp,68sp
441,Yeti,1,61sp,61sp,69sp
442,Winter Wolf,0,35sp,50sp,N/A
443,Snow Serpent,2,13sp,20sp,N/A
444,Snow Serpent,1,18sp,40sp,N/A
445,Snow Serpent,1,17sp,40sp,N/A
446,Snow Serpent,5,17sp,17sp,29sp
447,Winter Wolf,1,34sp,38sp,N/A
448,Yeti,2,52sp,52sp,69sp
449,Snow Serpent,6,19sp,19sp,22sp
450,Winter Wolf,4,31sp,31sp,29sp
451,Winter Wolf,7,16sp,23sp,N/A
452,Winter Wolf,1,33sp,38sp,N/A
453,Winter Wolf,0,46sp,50sp,N/A
454,Snow Serpent,5,20sp,20sp,27sp
455,Winter Wolf,8,19sp,22sp,N/A
456,Snow Serpent,6,20sp,20sp,28sp
457,Yeti,3,60sp,60sp,65sp
458,Snow Serpent,2,24sp,24sp,27sp
459,Snow Serpent,4,24sp,24sp,30sp
460,Winter Wolf,9,11sp,23sp,N/A
461,Winter Wolf,0,38sp,50sp,N/A
462,Winter Wolf,1,37sp,38sp,N/A
463,Winter Wolf,0,46sp,50sp,N/A
464,Winter Wolf,0,41sp,50sp,N/A
465,Winter Wolf,3,34sp,34sp,34sp
466,Winter Wolf,7,19sp,22sp,N/A
467,Yeti,10,46sp,46sp,47sp
468,Yeti,2,58sp,58sp,71sp
469,Winter Wolf,5,24sp,24sp,29sp
470,Winter Wolf,1,36sp,38sp,N/A
471,Winter Wolf,6,23sp,23sp,28sp
472,Snow Serpent,1,26sp,40sp,N/A
473,Snow Serpent,1,20sp,40sp,N/A
474,Snow Serpent,7,21sp,21sp,32sp
475,Snow Serpent,6,20sp,20sp,30sp
476,Snow Serpent,1,13sp,40sp,N/A
477,Winter Wolf,0,36sp,50sp,N/A
478,Snow Serpent,0,23sp,60sp,N/A
479,Winter Wolf,6,16sp,20sp,N/A
480,Snow Serpent,4,23sp,23sp,25sp
481,Winter Wolf,3,28sp,28sp,35sp
482,Snow Serpent,7,15sp,16sp,N/A
483,Winter Wolf,2,38sp,38sp,37sp
484,Snow Serpent,4,22sp,22sp,27sp
485,Winter Wolf,2,39sp,39sp,31sp
486,Winter Wolf,5,20sp,21sp,N/A
487,Winter Wolf,5,24sp,24sp,30sp
488,Snow Serpent,3,21sp,21sp,26sp
489,Winter Wolf,5,23sp,23sp,N/A
490,Winter Wolf,0,40sp,50sp,N/A
491,Snow Serpent,0,26sp,60sp,N/A
492,Snow Serpent,7,18sp,18sp,25sp
493,Snow Serpent,0,18sp,60sp,N/A
494,Snow Serpent,3,23sp,23sp,25sp
495,Yeti,8,38sp,38sp,59sp
496,Snow Serpent,1,18sp,40sp,N/A
497,Snow Serpent,6,9sp,16sp,N/A
498,Snow Serpent,1,11sp,40sp,N/A
499,Snow Serpent,5,24sp,24sp,28sp
500,Snow Serpent,1,13sp,40sp,N/A
501,Yeti,3,39sp,39sp,72sp
502,Snow Serpent,7,16sp,16sp,27sp
503,Snow Serpent,5,26sp,26sp,30sp
504,Snow Serpent,3,25sp,25sp,30sp
505,Winter Wolf,5,23sp,23sp,N/A
506,Winter Wolf,3,26sp,26sp,35sp
507,Snow Serpent,4,14sp,16sp,N/A
508,Snow Serpent,4,14sp,17sp,N/A
509,Winter Wolf,1,40sp,40sp,36sp
510,Snow Serpent,2,19sp,20sp,N/A
511,Winter Wolf,2,37sp,37sp,28sp
512,Snow Serpent,0,16sp,60sp,N/A
513,Winter Wolf,5,18sp,22sp,N/A
514,Winter Wolf,8,16sp,20sp,N/A
515,Snow Serpent,4,18sp,18sp,28sp
516,Snow Serpent,2,20sp,20sp,N/A
517,Winter Wolf,4,26sp,26sp,28sp
518,Winter Wolf,5,22sp,22sp,N/A
519,Winter Wolf,6,24sp,24sp,35sp
520,Winter Wolf,10,12sp,21sp,N/A
521,Winter Wolf,9,15sp,21sp,N/A
522,Winter Wolf,8,18sp,20sp,N/A
523,Winter Wolf,11,3sp,20sp,N/A
524,Snow Serpent,2,17sp,20sp,N/A
525,Winter Wolf,1,41sp,41sp,38sp
526,Snow Serpent,11,13sp,17sp,N/A
527,Snow Serpent,3,15sp,15sp,29sp
528,Winter Wolf,5,26sp,26sp,31sp
529,Winter Wolf,0,40sp,50sp,N/A
530,Winter Wolf,1,39sp,39sp,37sp
531,Yeti,5,30sp,33sp,N/A
532,Winter Wolf,3,35sp,35sp,31sp
533,Winter Wolf,4,35sp,35sp,32sp
534,Winter Wolf,11,7sp,20sp,N/A
535,Snow Serpent,2,24sp,24sp,24sp
536,Snow Serpent,3,15sp,17sp,N/A
537,Snow Serpent,4,21sp,21sp,27sp
538,Winter Wolf,1,39sp,39sp,42sp
539,Winter Wolf,0,38sp,50sp,N/A
540,Yeti,1,57sp,57sp,72sp
541,Winter Wolf,4,30sp,30sp,35sp
542,Winter Wolf,2,34sp,34sp,37sp
543,Snow Serpent,5,18sp,18sp,25sp
544,Yeti,7,32sp,32sp,N/A
545,Yeti,9,50sp,50sp,34sp
546,Winter Wolf,3,35sp,35sp,31sp
547,Snow Serpent,2,14sp,20sp,N/A
548,Yeti,5,39sp,39sp,59sp
549,Yeti,1,51sp,51sp,69sp
550,Yeti,1,46sp,49sp,N/A
551,Snow Serpent,1,18sp,40sp,N/A
552,Snow Serpent,5,22sp,22sp,28sp
553,Snow Serpent,1,19sp,40sp,N/A
554,Snow Serpent,4,9sp,14sp,N/A
555,Snow Serpent,0,17sp,60sp,N/A
556,Winter Wolf,2,27sp,27sp,32sp
557,Winter Wolf,5,26sp,26sp,27sp
558,Winter Wolf,0,37sp,50sp,N/A
559,Snow Serpent,7,21sp,21sp,24sp
560,Winter Wolf,7,18sp,23sp,N/A
561,Winter Wolf,3,32sp,32sp,38sp
562,Yeti,6,40sp,40sp,50sp
563,Winter Wolf,5,30sp,30sp,28sp
564,Winter Wolf,8,17sp,20sp,N/A
565,Snow Serpent,4,13sp,13sp,27sp
566,Snow Serpent,5,24sp,24sp,26sp
567,Winter Wolf,6,19sp,20sp,N/A
568,Snow Serpent,4,22sp,22sp,25sp
569,Snow Serpent,1,11sp,40sp,N/A
570,Winter Wolf,0,46sp,50sp,N/A
571,Winter Wolf,4,22sp,22sp,32sp
572,Snow Serpent,9,25sp,25sp,30sp
573,Winter Wolf,0,43sp,50sp,N/A
574,Snow Serpent,4,12sp,12sp,N/A
575,Snow Serpent,6,20sp,20sp,24sp
576,Snow Serpent,0,25sp,60sp,N/A
577,Snow Serpent,4,22sp,22sp,28sp
578,Winter Wolf,4,28sp,28sp,32sp
579,Snow Serpent,8,14sp,17sp,N/A
580,Snow Serpent,5,20sp,20sp,25sp
581,Winter Wolf,2,34sp,34sp,32sp
582,Winter Wolf,4,30sp,30sp,29sp
583,Yeti,3,41sp,41sp,65sp
584,Yeti,3,52sp,52sp,67sp
585,Snow Serpent,3,14sp,15sp,N/A
586,Snow Serpent,0,19sp,60sp,N/A
587,Snow Serpent,9,27sp,27sp,28sp
588,Winter Wolf,10,5sp,20sp,N/A
589,Snow Serpent,3,21sp,21sp,25sp
590,Winter Wolf,4,27sp,27sp,33sp
591,Snow Serpent,3,21sp,21sp,25sp
592,Winter Wolf,0,44sp,50sp,N/A
593,Snow Serpent,3,16sp,16sp,N/A
594,Winter Wolf,4,30sp,30sp,32sp
595,Snow Serpent,3,21sp,21sp,27sp
596,Snow Serpent,0,19sp,60sp,N/A
597,Snow Serpent,4,23sp,23sp,31sp
598,Snow Serpent,4,21sp,21sp,26sp
599,Yeti,1,39sp,49sp,N/A
600,Snow Serpent,5,13sp,14sp,N/A
601,Snow Serpent,4,17sp,17sp,27sp
602,Snow Serpent,0,21sp,60sp,N/A
603,Snow Serpent,8,11sp,16sp,N/A
604,Snow Serpent,3,17sp,17sp,29sp
605,Yeti,4,49sp,49sp,60sp
606,Winter Wolf,7,14sp,23sp,N/A
607,Winter Wolf,9,17sp,22sp,N/A
608,Winter Wolf,3,37sp,37sp,33sp
609,Winter Wolf,0,42sp,50sp,N/A
610,Winter Wolf,1,41sp,41sp,40sp
611,Snow Serpent,3,24sp,24sp,24sp
612,Winter Wolf,10,17sp,22sp,N/A
613,Yeti,0,40sp,55sp,N/A
614,Snow Serpent,4,17sp,17sp,24sp
615,Snow Serpent,3,15sp,15sp,30sp
616,Snow Serpent,7,17sp,17sp,29sp
617,Yeti,5,52sp,52sp,60sp
618,Snow Serpent,6,12sp,15sp,N/A
619,Snow Serpent,6,26sp,26sp,25sp
620,Winter Wolf,1,37sp,38sp,N/A
621,Winter Wolf,5,19sp,22sp,N/A
622,Winter Wolf,2,30sp,30sp,37sp
623,Snow Serpent,6,26sp,26sp,22sp
624,Snow Serpent,2,11sp,20sp,N/A
625,Winter Wolf,10,6sp,21sp,N/A
626,Winter Wolf,0,42sp,50sp,N/A
627,Winter Wolf,6,21sp,21sp,N/A
628,Winter Wolf,6,19sp,20sp,N/A
629,Snow Serpent,0,20sp,60sp,N/A
630,Yeti,1,56sp,56sp,72sp
631,Winter Wolf,5,25sp,25sp,29sp
632,Winter Wolf,3,32sp,32sp,33sp
633,Snow Serpent,0,11sp,60sp,N/A
634,Yeti,0,49sp,55sp,N/A
635,Snow Serpent,4,20sp,20sp,30sp
636,Snow Serpent,7,18sp,18sp,29sp
637,Yeti,1,63sp,63sp,73sp
638,Snow Serpent,1,20sp,40sp,N/A
639,Winter Wolf,1,42sp,42sp,30sp
640,Winter Wolf,0,41sp,50sp,N/A
641,Yeti,1,56sp,56sp,70sp
642,Snow Serpent,6,20sp,20sp,27sp
643,Yeti,9,26sp,30sp,N/A
644,Snow Serpent,0,21sp,60sp,N/A
645,Yeti,3,58sp,58sp,67sp
646,Winter Wolf,0,41sp,50sp,N/A
647,Yeti,4,63sp,63sp,64sp
648,Winter Wolf,5,28sp,28sp,30sp
649,Winter Wolf,3,29sp,29sp,28sp
650,Snow Serpent,0,23sp,60sp,N/A
651,Yeti,4,38sp,38sp,57sp
652,Winter Wolf,2,33sp,33sp,28sp
653,Snow Serpent,3,15sp,16sp,N/A
654,Winter Wolf,3,29sp,29sp,32sp
655,Yeti,3,52sp,52sp,63sp
656,Winter Wolf,1,30sp,38sp,N/A
657,Snow Serpent,1,21sp,40sp,N/A
658,Winter Wolf,1,40sp,40sp,42sp
659,Snow Serpent,7,24sp,24sp,27sp
660,Winter Wolf,8,18sp,20sp,N/A
661,Snow Serpent,7,23sp,23sp,25sp
662,Winter Wolf,1,35sp,38sp,N/A
663,Winter Wolf,3,37sp,37sp,35sp
664,Winter Wolf,1,35sp,38sp,N/A
665,Winter Wolf,1,40sp,40sp,42sp
666,Winter Wolf,1,31sp,38sp,N/A
667,Winter Wolf,6,24sp,24sp,29sp
668,Winter Wolf,0,45sp,50sp,N/A
669,Snow Serpent,0,17sp,60sp,N/A
670,Snow Serpent,1,19sp,40sp,N/A
671,Winter Wolf,4,29sp,29sp,34sp
672,Snow Serpent,8,19sp,19sp,27sp
673,Winter Wolf,2,34sp,34sp,36sp
674,Winter Wolf,7,13sp,22sp,N/A
675,Winter Wolf,3,36sp,36sp,29sp
676,Yeti,5,31sp,32sp,N/A
677,Snow Serpent,6,21sp,21sp,26sp
678,Winter Wolf,0,33sp,50sp,N/A
679,Winter Wolf,1,39sp,39sp,32sp
680,Winter Wolf,9,12sp,20sp,N/A
681,Winter Wolf,0,43sp,50sp,N/A
682,Winter Wolf,8,12sp,20sp,N/A
683,Snow Serpent,0,26sp,60sp,N/A
684,Snow Serpent,3,15sp,17sp,N/A
685,Snow Serpent,2,17sp,20sp,N/A
686,Snow Serpent,4,20sp,20sp,30sp
687,Snow Serpent,10,18sp,18sp,31sp
688,Yeti,3,58sp,58sp,60sp
689,Snow Serpent,2,17sp,20sp,N/A
690,Winter Wolf,2,34sp,34sp,38sp
691,Winter Wolf,7,25sp,25sp,31sp
692,Winter Wolf,0,35sp,50sp,N/A
693,Snow Serpent,2,22sp,22sp,23sp
694,Snow Serpent,0,16sp,60sp,N/A
695,Winter Wolf,5,29sp,29sp,29sp
696,Snow Serpent,1,12sp,40sp,N/A
697,Winter Wolf,6,17sp,23sp,N/A
698,Winter Wolf,0,41sp,50sp,N/A
699,Winter Wolf,2,37sp,37sp,38sp
700,Yeti,7,31sp,34sp,N/A
701,Yeti,10,33sp,35sp,N/A
702,Winter Wolf,4,25sp,25sp,31sp
703,Snow Serpent,10,20sp,20sp,30sp
704,Yeti,1,50sp,50sp,73sp
705,Winter Wolf,6,26sp,26sp,27sp
706,Winter Wolf,0,40sp,50sp,N/A
707,Snow Serpent,1,16sp,40sp,N/A
708,Winter Wolf,9,15sp,22sp,N/A
709,Snow Serpent,3,18sp,18sp,27sp
710,Snow Serpent,5,25sp,25sp,28sp
711,Winter Wolf,1,37sp,38sp,N/A
712,Yeti,11,34sp,34sp,44sp
713,Yeti,0,42sp,55sp,N/A
714,Winter Wolf,3,27sp,27sp,35sp
715,Winter Wolf,0,45sp,50sp,N/A
716,Winter Wolf,3,35sp,35sp,36sp
717,Winter Wolf,3,27sp,27sp,36sp
718,Yeti,5,39sp,39sp,58sp
719,Snow Serpent,9,20sp,20sp,30sp
720,Snow Serpent,0,25sp,60sp,N/A
721,Snow Serpent,7,16sp,16sp,23sp
722,Winter Wolf,6,26sp,26sp,27sp
723,Snow Serpent,2,18sp,20sp,N/A
724,Winter Wolf,4,23sp,23sp,33sp
725,Yeti,5,62sp,62sp,62sp
726,Yeti,2,53sp,53sp,67sp
727,Winter Wolf,4,30sp,30sp,33sp
728,Winter Wolf,2,33sp,33sp,37sp
729,Yeti,9,29sp,33sp,N/A
730,Winter Wolf,3,34sp,34sp,31sp
731,Snow Serpent,0,16sp,60sp,N/A
732,Snow Serpent,4,20sp,20sp,27sp
733,Winter Wolf,1,41sp,41sp,41sp
734,Winter Wolf,3,25sp,25sp,34sp
735,Winter Wolf,0,40sp,50sp,N/A
736,Winter Wolf,6,18sp,21sp,N/A
737,Snow Serpent,0,10sp,60sp,N/A
738,Snow Serpent,7,18sp,18sp,31sp
739,Winter Wolf,2,33sp,33sp,37sp
740,Snow Serpent,1,14sp,40sp,N/A
741,Winter Wolf,0,42sp,50sp,N/A
742,Winter Wolf,3,32sp,32sp,37sp
743,Snow Serpent,7,16sp,16sp,27sp
744,Yeti,4,51sp,51sp,64sp
745,Snow Serpent,7,24sp,24sp,26sp
746,Winter Wolf,1,36sp,38sp,N/A
747,Winter Wolf,7,19sp,20sp,N/A
748,Snow Serpent,9,22sp,22sp,30sp
749,Snow Serpent,4,17sp,17sp,30sp
750,Yeti,0,43sp,55sp,N/A
751,Winter Wolf,2,34sp,34sp,39sp
752,Winter Wolf,4,26sp,26sp,30sp
753,Winter Wolf,5,27sp,27sp,26sp
754,Winter Wolf,1,40sp,40sp,37sp
755,Snow Serpent,5,17sp,17sp,26sp
756,Snow Serpent,2,23sp,23sp,29sp
757,Snow Serpent,10,12sp,12sp,N/A
758,Winter Wolf,2,36sp,36sp,33sp
759,Snow Serpent,0,18sp,60sp,N/A
760,Snow Serpent,4,16sp,16sp,30sp
761,Yeti,3,54sp,54sp,68sp
762,Winter Wolf,4,34sp,34sp,24sp
763,Snow Serpent,3,22sp,22sp,24sp
764,Yeti,4,34sp,34sp,68sp
765,Snow Serpent,5,15sp,15sp,26sp
766,Yeti,5,24sp,30sp,N/A
767,Winter Wolf,0,35sp,50sp,N/A
768,Yeti,7,27sp,35sp,N/A
769,Winter Wolf,6,16sp,20sp,N/A
770,Yeti,9,31sp,31sp,N/A
771,Winter Wolf,3,28sp,28sp,35sp
772,Snow Serpent,4,15sp,15sp,28sp
773,Winter Wolf,2,30sp,30sp,39sp
774,Snow Serpent,10,15sp,15sp,29sp
775,Winter Wolf,5,26sp,26sp,28sp
776,Winter Wolf,9,13sp,22sp,N/A
777,Winter Wolf,8,18sp,20sp,N/A
778,Snow Serpent,3,23sp,23sp,30sp
779,Winter Wolf,2,31sp,31sp,31sp
780,Winter Wolf,2,41sp,41sp,37sp
781,Snow Serpent,7,18sp,18sp,26sp
782,Snow Serpent,0,19sp,60sp,N/A
783,Snow Serpent,6,22sp,22sp,29sp
784,Snow Serpent,1,15sp,40sp,N/A
785,Winter Wolf,2,28sp,28sp,31sp
786,Yeti,1,44sp,49sp,N/A
787,Snow Serpent,2,14sp,20sp,N/A
788,Winter Wolf,3,27sp,27sp,34sp
789,Winter Wolf,5,23sp,23sp,28sp
790,Yeti,1,53sp,53sp,68sp
791,Winter Wolf,2,31sp,31sp,36sp
792,Snow Serpent,3,15sp,15sp,N/A
793,Yeti,0,53sp,55sp,N/A
794,Snow Serpent,8,16sp,16sp,N/A
795,Snow Serpent,1,25sp,40sp,N/A
796,Snow Serpent,4,11sp,16sp,N/A
797,Snow Serpent,2,23sp,23sp,30sp
798,Snow Serpent,4,21sp,21sp,29sp
799,Yeti,2,39sp,43sp,N/A
800,Winter Wolf,4,27sp,27sp,32sp
801,Snow Serpent,0,15sp,60sp,N/A
802,Snow Serpent,6,16sp,16sp,28sp
803,Winter Wolf,2,34sp,34sp,42sp
804,Winter Wolf,4,31sp,31sp,32sp
805,Snow Serpent,5,20sp,20sp,28sp
806,Snow Serpent,4,24sp,24sp,26sp
807,Snow Serpent,2,22sp,22sp,26sp
808,Winter Wolf,8,15sp,23sp,N/A
809,Yeti,10,33sp,33sp,N/A
810,Snow Serpent,3,23sp,23sp,32sp
811,Snow Serpent,0,17sp,60sp,N/A
812,Snow Serpent,2,17sp,20sp,N/A
813,Winter Wolf,0,41sp,50sp,N/A
814,Snow Serpent,1,13sp,40sp,N/A
815,Winter Wolf,8,17sp,21sp,N/A
816,Winter Wolf,7,22sp,22sp,24sp
817,Winter Wolf,10,8sp,22sp,N/A
818,Snow Serpent,1,20sp,40sp,N/A
819,Winter Wolf,0,39sp,50sp,N/A
820,Snow Serpent,7,14sp,14sp,23sp
821,Yeti,1,40sp,49sp,N/A
822,Winter Wolf,1,34sp,38sp,N/A
823,Snow Serpent,1,18sp,40sp,N/A
824,Winter Wolf,5,22sp,23sp,N/A
825,Snow Serpent,0,15sp,60sp,N/A
826,Yeti,1,40sp,49sp,N/A
827,Winter Wolf,2,33sp,33sp,33sp
828,Yeti,0,63sp,63sp,75sp
829,Yeti,8,32sp,35sp,N/A
830,Winter Wolf,3,34sp,34sp,28sp
831,Snow Serpent,4,18sp,18sp,24sp
832,Yeti,3,49sp,49sp,59sp
833,Snow Serpent,5,14sp,14sp,25sp
834,Winter Wolf,8,20sp,21sp,N/A
835,Winter Wolf,0,41sp,50sp,N/A
836,Snow Serpent,3,23sp,23sp,30sp
837,Snow Serpent,0,22sp,60sp,N/A
838,Winter Wolf,2,33sp,33sp,39sp
839,Winter Wolf,4,30sp,30sp,28sp
840,Winter Wolf,3,35sp,35sp,28sp
841,Winter Wolf,0,34sp,50sp,N/A
842,Snow Serpent,2,18sp,20sp,N/A
843,Snow Serpent,5,13sp,14sp,N/A
844,Snow Serpent,1,17sp,40sp,N/A
845,Yeti,0,44sp,55sp,N/A
846,Winter Wolf,1,38sp,38sp,N/A
847,Winter Wolf,1,31sp,38sp,N/A
848,Winter Wolf,0,37sp,50sp,N/A
849,Winter Wolf,7,23sp,23sp,21sp
850,Snow Serpent,4,19sp,19sp,24sp
851,Yeti,0,57sp,57sp,74sp
852,Winter Wolf,1,31sp,38sp,N/A
853,Snow Serpent,4,26sp,26sp,29sp
854,Snow Serpent,0,22sp,60sp,N/A
855,Winter Wolf,6,20sp,22sp,N/A
856,Winter Wolf,1,35sp,38sp,N/A
857,Winter Wolf,0,45sp,50sp,N/A
858,Snow Serpent,10,22sp,22sp,30sp
859,Snow Serpent,1,16sp,40sp,N/A
860,Winter Wolf,4,26sp,26sp,28sp
861,Yeti,8,45sp,45sp,43sp
862,Snow Serpent,4,12sp,16sp,N/A
863,Winter Wolf,4,28sp,28sp,34sp
864,Yeti,3,58sp,58sp,68sp
865,Snow Serpent,3,20sp,20sp,29sp
866,Snow Serpent,9,10sp,12sp,N/A
867,Yeti,2,37sp,43sp,N/A
868,Snow Serpent,3,12sp,12sp,N/A
869,Snow Serpent,5,16sp,16sp,31sp
870,Winter Wolf,2,38sp,38sp,35sp
871,Snow Serpent,0,20sp,60sp,N/A
872,Yeti,9,18sp,35sp,N/A
873,Winter Wolf,9,9sp,22sp,N/A
874,Snow Serpent,4,22sp,22sp,27sp
875,Winter Wolf,6,19sp,23sp,N/A
876,Snow Serpent,0,22sp,60sp,N/A
877,Yeti,3,57sp,57sp,65sp
878,Winter Wolf,3,25sp,25sp,36sp
879,Snow Serpent,10,24sp,24sp,26sp
880,Winter Wolf,9,17sp,23sp,N/A
881,Yeti,1,50sp,50sp,75sp
882,Winter Wolf,1,38sp,38sp,N/A
883,Snow Serpent,9,21sp,21sp,31sp
884,Yeti,4,38sp,38sp,67sp
885,Snow Serpent,6,14sp,14sp,25sp
886,Winter Wolf,0,39sp,50sp,N/A
887,Snow Serpent,2,13sp,20sp,N/A
888,Snow Serpent,4,21sp,21sp,32sp
889,Winter Wolf,7,14sp,23sp,N/A
890,Winter Wolf,1,36sp,38sp,N/A
891,Winter Wolf,4,30sp,30sp,34sp
892,Snow Serpent,2,13sp,20sp,N/A
893,Winter Wolf,0,43sp,50sp,N/A
894,Winter Wolf,2,38sp,38sp,32sp
895,Yeti,9,24sp,34sp,N/A
896,Snow Serpent,9,19sp,19sp,28sp
897,Snow Serpent,4,15sp,15sp,29sp
898,Winter Wolf,0,39sp,50sp,N/A
899,Winter Wolf,7,20sp,22sp,N/A
900,Snow Serpent,1,24sp,40sp,N/A
901,Yeti,9,26sp,31sp,N/A
902,Winter Wolf,2,29sp,29sp,39sp
903,Winter Wolf,5,27sp,27sp,23sp
904,Winter Wolf,2,35sp,35sp,40sp
905,Winter Wolf,7,18sp,23sp,N/A
906,Winter Wolf,1,39sp,39sp,40sp
907,Snow Serpent,7,19sp,19sp,23sp
908,Snow Serpent,1,14sp,40sp,N/A
909,Winter Wolf,2,33sp,33sp,41sp
910,Yeti,8,43sp,43sp,46sp
911,Yeti,0,56sp,56sp,73sp
912,Snow Serpent,3,22sp,22sp,28sp
913,Yeti,6,45sp,45sp,53sp
914,Winter Wolf,5,25sp,25sp,25sp
915,Winter Wolf,10,12sp,22sp,N/A
916,Winter Wolf,1,31sp,38sp,N/A
917,Winter Wolf,4,30sp,30sp,29sp
918,Winter Wolf,5,26sp,26sp,27sp
919,Snow Serpent,8,22sp,22sp,28sp
920,Winter Wolf,3,30sp,30sp,31sp
921,Winter Wolf,3,31sp,31sp,31sp
922,Winter Wolf,0,37sp,50sp,N/A
923,Winter Wolf,3,35sp,35sp,32sp
924,Snow Serpent,4,15sp,15sp,25sp
925,Winter Wolf,7,19sp,21sp,N/A
926,Winter Wolf,2,37sp,37sp,27sp
927,Snow Serpent,3,23sp,23sp,24sp
928,Snow Serpent,2,16sp,20sp,N/A
929,Snow Serpent,3,23sp,23sp,28sp
930,Yeti,2,46sp,46sp,65sp
931,Snow Serpent,5,19sp,19sp,29sp
932,Winter Wolf,3,31sp,31sp,36sp
933,Snow Serpent,5,13sp,15sp,N/A
934,Yeti,0,44sp,55sp,N/A
935,Winter Wolf,6,26sp,26sp,25sp
936,Winter Wolf,3,25sp,25sp,26sp
937,Snow Serpent,2,22sp,22sp,26sp
938,Winter Wolf,8,19sp,22sp,N/A
939,Snow Serpent,5,14sp,14sp,27sp
940,Winter Wolf,4,22sp,23sp,N/A
941,Winter Wolf,0,37sp,50sp,N/A
942,Snow Serpent,2,22sp,22sp,26sp
943,Snow Serpent,1,16sp,40sp,N/A
944,Winter Wolf,2,27sp,27sp,34sp
945,Winter Wolf,0,41sp,50sp,N/A
946,Winter Wolf,9,13sp,21sp,N/A
947,Winter Wolf,4,30sp,30sp,27sp
948,Winter Wolf,7,16sp,23sp,N/A
949,Yeti,1,57sp,57sp,70sp
950,Winter Wolf,6,23sp,23sp,25sp
951,Yeti,1,48sp,49sp,N/A
952,Snow Serpent,4,17sp,17sp,22sp
953,Yeti,3,65sp,65sp,66sp
954,Snow Serpent,5,20sp,20sp,25sp
955,Snow Serpent,8,20sp,20sp,24sp
956,Yeti,5,36sp,36sp,63sp
957,Snow Serpent,3,15sp,15sp,25sp
958,Yeti,2,50sp,50sp,66sp
959,Yeti,7,37sp,37sp,47sp
960,Yeti,8,37sp,37sp,49sp
961,Yeti,4,48sp,48sp,63sp
962,Snow Serpent,4,20sp,20sp,25sp
963,Snow Serpent,0,15sp,60sp,N/A
964,Snow Serpent,4,16sp,16sp,N/A
965,Winter Wolf,3,31sp,31sp,32sp
966,Winter Wolf,4,27sp,27sp,33sp
967,Winter Wolf,2,34sp,34sp,31sp
968,Snow Serpent,7,14sp,14sp,25sp
969,Snow Serpent,6,16sp,16sp,24sp
970,Snow Serpent,0,18sp,60sp,N/A
971,Snow Serpent,8,19sp,19sp,23sp
972,Snow Serpent,2,17sp,20sp,N/A
973,Snow Serpent,2,15sp,20sp,N/A
974,Snow Serpent,2,26sp,26sp,26sp
975,Snow Serpent,0,13sp,60sp,N/A
976,Snow Serpent,1,20sp,40sp,N/A
977,Snow Serpent,2,20sp,20sp,N/A
978,Winter Wolf,0,42sp,50sp,N/A
979,Winter Wolf,8,15sp,23sp,N/A
980,Snow Serpent,2,20sp,20sp,N/A
981,Snow Serpent,6,24sp,24sp,26sp
982,Snow Serpent,2,15sp,20sp,N/A
983,Snow Serpent,2,13sp,20sp,N/A
984,Winter Wolf,2,32sp,32sp,32sp
985,Winter Wolf,0,39sp,50sp,N/A
986,Snow Serpent,3,17sp,17sp,26sp
987,Winter Wolf,2,35sp,35sp,33sp
988,Winter Wolf,2,32sp,32sp,31sp
989,Winter Wolf,8,16sp,23sp,N/A
990,Snow Serpent,6,16sp,16sp,26sp
991,Winter Wolf,0,36sp,50sp,N/A
992,Snow Serpent,8,15sp,15sp,31sp
993,Winter Wolf,0,45sp,50sp,N/A
994,Winter Wolf,1,37sp,38sp,N/A
995,Yeti,6,43sp,43sp,56sp
996,Winter Wolf,0,38sp,50sp,N/A
997,Winter Wolf,2,30sp,30sp,34sp
998,Snow Serpent,0,13sp,60sp,N/A
999,Snow Serpent,4,13sp,13sp,27sp
1000,Winter Wolf,4,33sp,33sp,28sp
1001,Winter Wolf,3,27sp,27sp,36sp
1002,Winter Wolf,1,32sp,38sp,N/A
1003,Snow Serpent,1,19sp,40sp,N/A
1004,Snow Serpent,3,19sp,19sp,30sp
1005,Winter Wolf,2,31sp,31sp,34sp
1006,Snow Serpent,3,19sp,19sp,28sp
1007,Winter Wolf,3,28sp,28sp,39sp
1008,Snow Serpent,3,20sp,20sp,27sp
1009,Snow Serpent,4,18sp,18sp,25sp
1010,Winter Wolf,9,9sp,20sp,N/A
1011,Winter Wolf,2,38sp,38sp,31sp
1012,Winter Wolf,3,38sp,38sp,30sp
1013,Snow Serpent,3,20sp,20sp,31sp
1014,Winter Wolf,2,32sp,32sp,28sp
1015,Yeti,0,51sp,55sp,N/A
1016,Winter Wolf,3,30sp,30sp,35sp
1017,Snow Serpent,2,18sp,20sp,N/A
1018,Winter Wolf,0,37sp,50sp,N/A
1019,Snow Serpent,1,14sp,40sp,N/A
1020,Winter Wolf,5,23sp,23sp,32sp
1021,Snow Serpent,6,19sp,19sp,26sp
1022,Snow Serpent,5,16sp,16sp,28sp
1023,Winter Wolf,1,38sp,38sp,N/A
1024,Yeti,2,46sp,46sp,70sp
1025,Snow Serpent,6,25sp,25sp,27sp
1026,Snow Serpent,1,27sp,40sp,N/A
1027,Winter Wolf,4,30sp,30sp,35sp
1028,Snow Serpent,7,19sp,19sp,26sp
1029,Winter Wolf,0,37sp,50sp,N/A
1030,Winter Wolf,1,39sp,39sp,41sp
1031,Winter Wolf,1,33sp,38sp,N/A
1032,Snow Serpent,4,25sp,25sp,32sp
1033,Yeti,3,64sp,64sp,60sp
1034,Yeti,1,66sp,66sp,69sp
1035,Winter Wolf,9,12sp,22sp,N/A
1036,Snow Serpent,4,21sp,21sp,31sp
1037,Snow Serpent,4,9sp,12sp,N/A
1038,Snow Serpent,3,19sp,19sp,29sp
1039,Winter Wolf,0,43sp,50sp,N/A
1040,Yeti,3,51sp,51sp,61sp
1041,Yeti,8,34sp,34sp,51sp
1042,Snow Serpent,0,20sp,60sp,N/A
1043,Snow Serpent,4,16sp,16sp,27sp
1044,Snow Serpent,7,15sp,16sp,N/A
1045,Snow Serpent,1,24sp,40sp,N/A
1046,Yeti,0,57sp,57sp,73sp
1047,Snow Serpent,3,23sp,23sp,32sp
1048,Snow Serpent,1,19sp,40sp,N/A
1049,Snow Serpent,8,15sp,17sp,N/A
1050,Snow Serpent,0,19sp,60sp,N/A
1051,Winter Wolf,4,27sp,27sp,29sp
1052,Snow Serpent,0,17sp,60sp,N/A
1053,Snow Serpent,8,15sp,15sp,N/A
1054,Snow Serpent,2,19sp,20sp,N/A
1055,Winter Wolf,0,33sp,50sp,N/A
1056,Snow Serpent,2,24sp,24sp,25sp
1057,Yeti,5,40sp,40sp,61sp
1058,Snow Serpent,4,14sp,14sp,N/A
1059,Snow Serpent,9,24sp,24sp,27sp
1060,Yeti,4,43sp,43sp,65sp
1061,Yeti,0,45sp,55sp,N/A
1062,Winter Wolf,3,30sp,30sp,33sp
1063,Winter Wolf,6,27sp,27sp,30sp
1064,Snow Serpent,3,17sp,17sp,26sp
1065,Snow Serpent,4,18sp,18sp,28sp
1066,Yeti,0,63sp,63sp,73sp
1067,Snow Serpent,6,17sp,17sp,29sp
1068,Snow Serpent,0,17sp,60sp,N/A
1069,Snow Serpent,3,18sp,18sp,27sp
1070,Winter Wolf,6,24sp,24sp,29sp
1071,Snow Serpent,3,15sp,16sp,N/A
1072,Snow Serpent,10,17sp,17sp,26sp
1073,Snow Serpent,0,25sp,60sp,N/A
1074,Snow Serpent,7,14sp,15sp,N/A
1075,Winter Wolf,1,35sp,38sp,N/A
1076,Winter Wolf,7,21sp,21sp,22sp
1077,Yeti,7,44sp,44sp,46sp
1078,Winter Wolf,3,26sp,26sp,32sp
1079,Winter Wolf,3,34sp,34sp,33sp
1080,Winter Wolf,2,37sp,37sp,30sp
1081,Winter Wolf,0,42sp,50sp,N/A
1082,Yeti,0,44sp,55sp,N/A
1083,Winter Wolf,6,24sp,24sp,32sp
1084,Snow Serpent,1,15sp,40sp,N/A
1085,Winter Wolf,4,33sp,33sp,33sp
1086,Winter Wolf,0,45sp,50sp,N/A
1087,Winter Wolf,3,34sp,34sp,40sp
1088,Snow Serpent,3,18sp,18sp,24sp
1089,Snow Serpent,0,14sp,60sp,N/A
1090,Winter Wolf,8,12sp,21sp,N/A
1091,Yeti,5,41sp,41sp,55sp
1092,Winter Wolf,4,30sp,30sp,33sp
1093,Winter Wolf,1,34sp,38sp,N/A
1094,Winter Wolf,4,23sp,23sp,29sp
1095,Winter Wolf,4,28sp,28sp,30sp
1096,Winter Wolf,0,43sp,50sp,N/A
1097,Snow Serpent,0,19sp,60sp,N/A
1098,Winter Wolf,2,32sp,32sp,35sp
1099,Winter Wolf,0,46sp,50sp,N/A
1100,Snow Serpent,0,16sp,60sp,N/A
1101,Snow Serpent,7,24sp,24sp,25sp
1102,Snow Serpent,4,13sp,15sp,N/A
1103,Winter Wolf,7,22sp,22sp,24sp
1104,Winter Wolf,7,14sp,21sp,N/A
1105,Yeti,6,27sp,31sp,N/A
1106,Snow Serpent,6,18sp,18sp,25sp
1107,Yeti,11,26sp,32sp,N/A
1108,Snow Serpent,7,20sp,20sp,27sp
1109,Winter Wolf,0,39sp,50sp,N/A
1110,Winter Wolf,1,41sp,41sp,41sp
1111,Snow Serpent,10,17sp,17sp,31sp
1112,Yeti,2,41sp,43sp,N/A
1113,Winter Wolf,0,43sp,50sp,N/A
1114,Snow Serpent,9,21sp,21sp,27sp
1115,Snow Serpent,4,20sp,20sp,25sp
1116,Winter Wolf,0,36sp,50sp,N/A
1117,Snow Serpent,9,18sp,18sp,26sp
1118,Winter Wolf,0,39sp,50sp,N/A
1119,Snow Serpent,6,17sp,17sp,26sp
1120,Winter Wolf,2,32sp,32sp,40sp
1121,Snow Serpent,1,17sp,40sp,N/A
1122,Winter Wolf,5,22sp,23sp,N/A
1123,Snow Serpent,3,10sp,17sp,N/A
1124,Winter Wolf,2,33sp,33sp,35sp
1125,Snow Serpent,8,12sp,13sp,N/A
1126,Snow Serpent,4,20sp,20sp,28sp
1127,Winter Wolf,2,37sp,37sp,32sp
1128,Yeti,9,38sp,38sp,46sp
1129,Snow Serpent,5,18sp,18sp,28sp
1130,Snow Serpent,3,24sp,24sp,30sp
1131,Snow Serpent,8,14sp,16sp,N/A
1132,Winter Wolf,0,43sp,50sp,N/A
1133,Snow Serpent,4,18sp,18sp,30sp
1134,Winter Wolf,8,12sp,21sp,N/A
1135,Winter Wolf,5,28sp,28sp,31sp
1136,Winter Wolf,2,30sp,30sp,32sp
1137,Winter Wolf,0,40sp,50sp,N/A
1138,Winter Wolf,0,46sp,50sp,N/A
1139,Winter Wolf,6,22sp,22sp,24sp
1140,Winter Wolf,5,27sp,27sp,29sp
1141,Snow Serpent,1,18sp,40sp,N/A
1142,Yeti,2,62sp,62sp,71sp
1143,Winter Wolf,0,39sp,50sp,N/A
1144,Snow Serpent,1,16sp,40sp,N/A
1145,Snow Serpent,0,16sp,60sp,N/A
1146,Winter Wolf,1,38sp,38sp,N/A
1147,Yeti,2,58sp,58sp,70sp
1148,Winter Wolf,5,25sp,25sp,25sp
1149,Snow Serpent,0,18sp,60sp,N/A
1150,Winter Wolf,0,42sp,50sp,N/A
1151,Winter Wolf,5,25sp,25sp,34sp
1152,Snow Serpent,3,19sp,19sp,27sp
1153,Winter Wolf,1,32sp,38sp,N/A
1154,Snow Serpent,1,18sp,40sp,N/A
1155,Winter Wolf,8,15sp,22sp,N/A
1156,Yeti,0,45sp,55sp,N/A
1157,Winter Wolf,2,40sp,40sp,38sp
1158,Winter Wolf,0,40sp,50sp,N/A
1159,Snow Serpent,1,18sp,40sp,N/A
1160,Snow Serpent,0,16sp,60sp,N/A
1161,Winter Wolf,8,15sp,22sp,N/A
1162,Winter Wolf,0,36sp,50sp,N/A
1163,Winter Wolf,2,36sp,36sp,38sp
1164,Winter Wolf,4,29sp,29sp,32sp
1165,Yeti,1,46sp,49sp,N/A
1166,Winter Wolf,8,17sp,23sp,N/A
1167,Snow Serpent,1,18sp,40sp,N/A
1168,Winter Wolf,3,34sp,34sp,40sp
1169,Snow Serpent,0,14sp,60sp,N/A
1170,Winter Wolf,2,39sp,39sp,38sp
1171,Yeti,10,22sp,30sp,N/A
1172,Winter Wolf,1,33sp,38sp,N/A
1173,Snow Serpent,4,18sp,18sp,25sp
1174,Snow Serpent,4,20sp,20sp,24sp
1175,Snow Serpent,0,26sp,60sp,N/A
1176,Winter Wolf,1,36sp,38sp,N/A
1177,Yeti,2,47sp,47sp,75sp
1178,Snow Serpent,1,20sp,40sp,N/A
1179,Snow Serpent,5,22sp,22sp,28sp
1180,Snow Serpent,1,22sp,40sp,N/A
1181,Snow Serpent,8,21sp,21sp,28sp
1182,Winter Wolf,4,27sp,27sp,33sp
1183,Snow Serpent,2,17sp,20sp,N/A
1184,Snow Serpent,7,23sp,23sp,25sp
1185,Yeti,6,41sp,41sp,51sp
1186,Snow Serpent,7,13sp,13sp,30sp
1187,Winter Wolf,6,25sp,25sp,28sp
1188,Snow Serpent,4,22sp,22sp,27sp
1189,Winter Wolf,2,32sp,32sp,31sp
1190,Yeti,11,34sp,34sp,31sp
1191,Winter Wolf,4,26sp,26sp,27sp
1192,Winter Wolf,0,40sp,50sp,N/A
1193,Snow Serpent,1,24sp,40sp,N/A
1194,Winter Wolf,4,31sp,31sp,32sp
1195,Yeti,1,35sp,49sp,N/A
1196,Winter Wolf,7,18sp,22sp,N/A
1197,Snow Serpent,0,23sp,60sp,N/A
1198,Snow Serpent,1,12sp,40sp,N/A
1199,Winter Wolf,4,29sp,29sp,28sp
1200,Snow Serpent,2,13sp,20sp,N/A
1201,Snow Serpent,2,20sp,20sp,N/A
1202,Yeti,3,55sp,55sp,67sp
1203,Winter Wolf,6,21sp,22sp,N/A
1204,Winter Wolf,5,30sp,30sp,33sp
1205,Winter Wolf,4,29sp,29sp,31sp
1206,Snow Serpent,8,18sp,18sp,27sp
1207,Winter Wolf,6,21sp,21sp,27sp
1208,Winter Wolf,0,37sp,50sp,N/A
1209,Snow Serpent,1,18sp,40sp,N/A
1210,Snow Serpent,0,22sp,60sp,N/A
1211,Winter Wolf,3,33sp,33sp,30sp
1212,Snow Serpent,0,14sp,60sp,N/A
1213,Snow Serpent,4,14sp,14sp,28sp
1214,Yeti,1,56sp,56sp,69sp
1215,Snow Serpent,2,14sp,20sp,N/A
1216,Winter Wolf,4,22sp,23sp,N/A
1217,Yeti,1,37sp,49sp,N/A
1218,Yeti,8,46sp,46sp,46sp
1219,Snow Serpent,3,14sp,14sp,29sp
1220,Winter Wolf,6,22sp,22sp,N/A
1221,Yeti,5,60sp,60sp,51sp
1222,Winter Wolf,7,18sp,21sp,N/A
1223,Winter Wolf,3,32sp,32sp,31sp
1224,Snow Serpent,1,18sp,40sp,N/A
1225,Snow Serpent,2,18sp,20sp,N/A
1226,Snow Serpent,1,17sp,40sp,N/A
1227,Winter Wolf,2,35sp,35sp,35sp
1228,Yeti,0,60sp,60sp,77sp
1229,Winter Wolf,1,38sp,38sp,N/A
1230,Winter Wolf,2,29sp,29sp,35sp
1231,Winter Wolf,5,25sp,25sp,32sp
1232,Snow Serpent,11,16sp,16sp,25sp
1233,Winter Wolf,3,36sp,36sp,34sp
1234,Yeti,4,44sp,44sp,60sp
1235,Snow Serpent,1,16sp,40sp,N/A
1236,Winter Wolf,9,6sp,23sp,N/A
1237,Winter Wolf,1,33sp,38sp,N/A
1238,Snow Serpent,0,14sp,60sp,N/A
1239,Winter Wolf,8,22sp,22sp,N/A
1240,Snow Serpent,0,19sp,60sp,N/A
1241,Snow Serpent,6,11sp,11sp,28sp
1242,Winter Wolf,4,30sp,30sp,22sp
1243,Winter Wolf,2,34sp,34sp,35sp
1244,Yeti,0,46sp,55sp,N/A
1245,Yeti,0,46sp,55sp,N/A
1246,Yeti,0,57sp,57sp,75sp
1247,Winter Wolf,3,32sp,32sp,23sp
1248,Snow Serpent,7,13sp,17sp,N/A
1249,Snow Serpent,3,14sp,17sp,N/A
1250,Snow Serpent,6,15sp,15sp,25sp
1251,Winter Wolf,1,41sp,41sp,34sp
1252,Winter Wolf,4,30sp,30sp,29sp
1253,Winter Wolf,0,37sp,50sp,N/A
1254,Yeti,3,50sp,50sp,73sp
1255,Snow Serpent,3,16sp,16sp,22sp
1256,Snow Serpent,0,19sp,60sp,N/A
1257,Winter Wolf,2,33sp,33sp,39sp
1258,Winter Wolf,7,25sp,25sp,32sp
1259,Snow Serpent,2,22sp,22sp,29sp
1260,Snow Serpent,6,13sp,17sp,N/A
1261,Snow Serpent,2,9sp,20sp,N/A
1262,Snow Serpent,1,19sp,40sp,N/A
1263,Winter Wolf,3,29sp,29sp,33sp
1264,Snow Serpent,1,21sp,40sp,N/A
1265,Winter Wolf,6,23sp,23sp,23sp
1266,Snow Serpent,8,13sp,14sp,N/A
1267,Winter Wolf,3,30sp,30sp,27sp
1268,Snow Serpent,3,20sp,20sp,31sp
1269,Snow Serpent,0,12sp,60sp,N/A
1270,Yeti,6,35sp,35sp,56sp
1271,Winter Wolf,6,23sp,23sp,24sp
1272,Yeti,8,33sp,33sp,41sp
1273,Yeti,0,58sp,58sp,76sp
1274,Snow Serpent,0,19sp,60sp,N/A
1275,Winter Wolf,0,40sp,50sp,N/A
1276,Winter Wolf,3,31sp,31sp,34sp
1277,Snow Serpent,1,18sp,40sp,N/A
1278,Winter Wolf,0,38sp,50sp,N/A
1279,Snow Serpent,8,18sp,18sp,27sp
1280,Yeti,2,51sp,51sp,69sp
1281,Winter Wolf,6,22sp,23sp,N/A
1282,Winter Wolf,9,8sp,22sp,N/A
1283,Winter Wolf,1,35sp,38sp,N/A
1284,Winter Wolf,4,33sp,33sp,36sp
1285,Yeti,1,43sp,49sp,N/A
1286,Snow Serpent,1,9sp,40sp,N/A
1287,Winter Wolf,2,33sp,33sp,30sp
1288,Winter Wolf,0,45sp,50sp,N/A
1289,Yeti,1,36sp,49sp,N/A
1290,Winter Wolf,1,40sp,40sp,39sp
1291,Winter Wolf,7,15sp,22sp,N/A
1292,Winter Wolf,0,42sp,50sp,N/A
1293,Snow Serpent,1,13sp,40sp,N/A
1294,Snow Serpent,2,22sp,22sp,27sp
1295,Yeti,2,53sp,53sp,69sp
1296,Snow Serpent,5,20sp,20sp,27sp
1297,Winter Wolf,0,37sp,50sp,N/A
1298,Yeti,8,34sp,34sp,N/A
1299,Winter Wolf,3,31sp,31sp,35sp
1300,Winter Wolf,0,40sp,50sp,N/A
1301,Winter Wolf,7,21sp,21sp,N/A
1302,Snow Serpent,4,10sp,17sp,N/A
1303,Snow Serpent,7,22sp,22sp,30sp
1304,Winter Wolf,0,41sp,50sp,N/A
1305,Winter Wolf,5,32sp,32sp,20sp
1306,Snow Serpent,5,20sp,20sp,26sp
1307,Winter Wolf,2,34sp,34sp,30sp
1308,Winter Wolf,2,31sp,31sp,36sp
1309,Snow Serpent,1,24sp,40sp,N/A
1310,Winter Wolf,1,35sp,38sp,N/A
1311,Yeti,8,43sp,43sp,37sp
1312,Winter Wolf,0,40sp,50sp,N/A
1313,Winter Wolf,2,32sp,32sp,35sp
1314,Yeti,4,40sp,40sp,63sp
1315,Yeti,6,43sp,43sp,64sp
1316,Winter Wolf,3,26sp,26sp,33sp
1317,Snow Serpent,7,22sp,22sp,32sp
1318,Winter Wolf,5,31sp,31sp,25sp
1319,Snow Serpent,3,16sp,16sp,N/A
1320,Snow Serpent,2,25sp,25sp,24sp
1321,Snow Serpent,0,13sp,60sp,N/A
1322,Yeti,3,43sp,43sp,66sp
1323,Winter Wolf,1,34sp,38sp,N/A
1324,Winter Wolf,6,26sp,26sp,25sp
1325,Snow Serpent,8,14sp,14sp,27sp
1326,Yeti,3,39sp,39sp,63sp
1327,Winter Wolf,8,21sp,22sp,N/A
1328,Yeti,8,32sp,32sp,44sp
1329,Winter Wolf,0,47sp,50sp,N/A
1330,Winter Wolf,4,28sp,28sp,38sp
1331,Snow Serpent,0,24sp,60sp,N/A
1332,Snow Serpent,6,21sp,21sp,27sp
1333,Snow Serpent,1,12sp,40sp,N/A
1334,Snow Serpent,6,25sp,25sp,26sp
1335,Winter Wolf,11,6sp,21sp,N/A
1336,Winter Wolf,3,32sp,32sp,35sp
1337,Snow Serpent,1,18sp,40sp,N/A
1338,Snow Serpent,4,24sp,24sp,32sp
1339,Winter Wolf,8,16sp,23sp,N/A
1340,Snow Serpent,3,15sp,15sp,26sp
1341,Snow Serpent,2,17sp,20sp,N/A
1342,Winter Wolf,0,45sp,50sp,N/A
1343,Snow Serpent,9,27sp,27sp,28sp
1344,Yeti,5,45sp,45sp,53sp
1345,Winter Wolf,4,30sp,30sp,30sp
1346,Snow Serpent,9,13sp,14sp,N/A
1347,Snow Serpent,5,9sp,10sp,N/A
1348,Snow Serpent,3,21sp,21sp,30sp
1349,Winter Wolf,3,32sp,32sp,32sp
1350,Snow Serpent,3,23sp,23sp,24sp
1351,Snow Serpent,4,9sp,14sp,N/A
1352,Yeti,2,49sp,49sp,71sp
1353,Winter Wolf,5,22sp,23sp,N/A
1354,Winter Wolf,0,41sp,50sp,N/A
1355,Snow Serpent,0,19sp,60sp,N/A
1356,Snow Serpent,4,17sp,17sp,28sp
1357,Winter Wolf,0,42sp,50sp,N/A
1358,Winter Wolf,11,11sp,21sp,N/A
1359,Winter Wolf,3,36sp,36sp,36sp
1360,Snow Serpent,1,19sp,40sp,N/A
1361,Winter Wolf,3,31sp,31sp,28sp
1362,Winter Wolf,1,35sp,38sp,N/A
1363,Snow Serpent,3,15sp,15sp,25sp
1364,Winter Wolf,4,33sp,33sp,37sp
1365,Winter Wolf,5,19sp,22sp,N/A
1366,Snow Serpent,0,17sp,60sp,N/A
1367,Winter Wolf,3,26sp,26sp,32sp
1368,Snow Serpent,1,18sp,40sp,N/A
1369,Snow Serpent,0,17sp,60sp,N/A
1370,Winter Wolf,3,29sp,29sp,36sp
1371,Winter Wolf,1,33sp,38sp,N/A
1372,Winter Wolf,0,45sp,50sp,N/A
1373,Yeti,6,43sp,43sp,53sp
1374,Snow Serpent,2,22sp,22sp,25sp
1375,Snow Serpent,2,16sp,20sp,N/A
1376,Winter Wolf,0,44sp,50sp,N/A
1377,Winter Wolf,1,42sp,42sp,36sp
1378,Winter Wolf,2,28sp,28sp,35sp
1379,Yeti,0,49sp,55sp,N/A
1380,Winter Wolf,5,25sp,25sp,30sp
1381,Snow Serpent,4,26sp,26sp,28sp
1382,Snow Serpent,1,12sp,40sp,N/A
1383,Winter Wolf,5,26sp,26sp,27sp
1384,Snow Serpent,0,11sp,60sp,N/A
1385,Winter Wolf,6,25sp,25sp,22sp
1386,Snow Serpent,0,15sp,60sp,N/A
1387,Snow Serpent,8,18sp,18sp,23sp
1388,Snow Serpent,2,11sp,20sp,N/A
1389,Winter Wolf,3,33sp,33sp,33sp
1390,Winter Wolf,1,38sp,38sp,N/A
1391,Winter Wolf,4,25sp,25sp,31sp
1392,Winter Wolf,2,37sp,37sp,33sp
1393,Snow Serpent,5,23sp,23sp,28sp
1394,Winter Wolf,3,34sp,34sp,32sp
1395,Winter Wolf,1,37sp,38sp,N/A
1396,Winter Wolf,0,46sp,50sp,N/A
1397,Yeti,6,37sp,37sp,49sp
1398,Snow Serpent,3,19sp,19sp,25sp
1399,Winter Wolf,5,21sp,21sp,N/A
1400,Snow Serpent,6,27sp,27sp,30sp
1401,Snow Serpent,4,25sp,25sp,28sp
1402,Winter Wolf,5,21sp,21sp,29sp
1403,Winter Wolf,5,25sp,25sp,35sp
1404,Winter Wolf,3,32sp,32sp,37sp
1405,Winter Wolf,4,30sp,30sp,35sp
1406,Snow Serpent,0,23sp,60sp,N/A
1407,Snow Serpent,4,14sp,14sp,28sp
1408,Snow Serpent,2,16sp,20sp,N/A
1409,Yeti,0,56sp,56sp,76sp
1410,Snow Serpent,4,16sp,16sp,25sp
1411,Snow Serpent,8,16sp,16sp,30sp
1412,Snow Serpent,7,19sp,19sp,23sp
1413,Winter Wolf,1,34sp,38sp,N/A
1414,Snow Serpent,9,11sp,13sp,N/A
1415,Winter Wolf,7,23sp,23sp,26sp
1416,Snow Serpent,7,20sp,20sp,23sp
1417,Winter Wolf,1,39sp,39sp,38sp
1418,Yeti,7,24sp,35sp,N/A
1419,Winter Wolf,8,17sp,23sp,N/A
1420,Winter Wolf,4,28sp,28sp,32sp
1421,Winter Wolf,0,42sp,50sp,N/A
1422,Winter Wolf,1,36sp,38sp,N/A
1423,Snow Serpent,4,23sp,23sp,30sp
1424,Snow Serpent,7,15sp,15sp,24sp
1425,Winter Wolf,1,37sp,38sp,N/A
1426,Winter Wolf,11,8sp,23sp,N/A
1427,Winter Wolf,2,30sp,30sp,36sp
1428,Winter Wolf,1,40sp,40sp,37sp
1429,Winter Wolf,0,40sp,50sp,N/A
1430,Snow Serpent,0,10sp,60sp,N/A
1431,Snow Serpent,0,18sp,60sp,N/A
1432,Snow Serpent,1,24sp,40sp,N/A
1433,Snow Serpent,9,19sp,19sp,25sp
1434,Snow Serpent,7,20sp,20sp,28sp
1435,Winter Wolf,0,39sp,50sp,N/A
1436,Winter Wolf,11,6sp,21sp,N/A
1437,Winter Wolf,0,37sp,50sp,N/A
1438,Yeti,9,39sp,39sp,52sp
1439,Winter Wolf,6,25sp,25sp,24sp
1440,Snow Serpent,11,14sp,14sp,25sp
1441,Winter Wolf,2,36sp,36sp,30sp
1442,Yeti,8,33sp,33sp,48sp
1443,Winter Wolf,5,22sp,22sp,28sp
1444,Snow Serpent,3,12sp,16sp,N/A
1445,Winter Wolf,3,31sp,31sp,32sp
1446,Yeti,0,36sp,55sp,N/A
1447,Snow Serpent,0,18sp,60sp,N/A
1448,Winter Wolf,4,28sp,28sp,35sp
1449,Snow Serpent,6,20sp,20sp,25sp
1450,Winter Wolf,3,29sp,29sp,33sp
1451,Winter Wolf,4,27sp,27sp,28sp
1452,Winter Wolf,2,33sp,33sp,41sp
1453,Snow Serpent,3,19sp,19sp,25sp
1454,Snow Serpent,0,19sp,60sp,N/A
1455,Yeti,0,47sp,55sp,N/A
1456,Snow Serpent,1,23sp,40sp,N/A
1457,Winter Wolf,2,33sp,33sp,35sp
1458,Snow Serpent,2,18sp,20sp,N/A
1459,Yeti,2,50sp,50sp,70sp
1460,Winter Wolf,5,21sp,21sp,33sp
1461,Winter Wolf,3,30sp,30sp,32sp
1462,Snow Serpent,3,24sp,24sp,28sp
1463,Winter Wolf,1,37sp,38sp,N/A
1464,Winter Wolf,7,17sp,22sp,N/A
1465,Snow Serpent,2,13sp,20sp,N/A
1466,Winter Wolf,7,19sp,21sp,N/A
1467,Winter Wolf,7,15sp,23sp,N/A
1468,Winter Wolf,4,21sp,21sp,37sp
1469,Snow Serpent,0,19sp,60sp,N/A
1470,Snow Serpent,0,12sp,60sp,N/A
1471,Yeti,0,53sp,55sp,N/A
1472,Winter Wolf,7,20sp,20sp,N/A
1473,Snow Serpent,3,18sp,18sp,25sp
1474,Snow Serpent,5,22sp,22sp,27sp
1475,Winter Wolf,2,37sp,37sp,37sp
1476,Snow Serpent,9,12sp,15sp,N/A
1477,Snow Serpent,4,26sp,26sp,25sp
1478,Snow Serpent,0,19sp,60sp,N/A
1479,Winter Wolf,9,8sp,21sp,N/A
1480,Snow Serpent,4,16sp,16sp,25sp
1481,Winter Wolf,4,30sp,30sp,25sp
1482,Snow Serpent,2,25sp,25sp,27sp
1483,Winter Wolf,9,12sp,23sp,N/A
1484,Winter Wolf,5,24sp,24sp,26sp
1485,Snow Serpent,4,15sp,15sp,27sp
1486,Winter Wolf,1,38sp,38sp,N/A
1487,Winter Wolf,3,35sp,35sp,37sp
1488,Snow Serpent,4,18sp,18sp,30sp
1489,Snow Serpent,4,12sp,13sp,N/A
1490,Winter Wolf,6,24sp,24sp,28sp
1491,Winter Wolf,6,22sp,22sp,25sp
1492,Snow Serpent,1,19sp,40sp,N/A
1493,Winter Wolf,6,21sp,21sp,25sp
1494,Winter Wolf,4,28sp,28sp,35sp
1495,Winter Wolf,0,37sp,50sp,N/A
1496,Yeti,0,51sp,55sp,N/A
1497,Yeti,2,55sp,55sp,67sp
1498,Snow Serpent,10,17sp,17sp,32sp
1499,Yeti,0,54sp,55sp,N/A
1500,Yeti,0,54sp,55sp,N/A
1501,Snow Serpent,0,26sp,60sp,N/A
1502,Snow Serpent,3,20sp,20sp,31sp
1503,Snow Serpent,6,17sp,17sp,32sp
1504,Snow Serpent,3,19sp,19sp,27sp
1505,Winter Wolf,6,21sp,22sp,N/A
1506,Snow Serpent,1,11sp,40sp,N/A
1507,Winter Wolf,4,27sp,27sp,36sp
1508,Snow Serpent,4,25sp,25sp,26sp
1509,Winter Wolf,4,30sp,30sp,27sp
1510,Winter Wolf,0,37sp,50sp,N/A
1511,Winter Wolf,0,38sp,50sp,N/A
1512,Winter Wolf,7,18sp,22sp,N/A
1513,Winter Wolf,2,33sp,33sp,37sp
1514,Winter Wolf,3,29sp,29sp,34sp
1515,Winter Wolf,4,35sp,35sp,31sp
1516,Snow Serpent,2,17sp,20sp,N/A
1517,Yeti,0,59sp,59sp,77sp
1518,Yeti,2,50sp,50sp,64sp
1519,Winter Wolf,0,38sp,50sp,N/A
1520,Snow Serpent,2,18sp,20sp,N/A
1521,Winter Wolf,4,24sp,24sp,36sp
1522,Yeti,5,36sp,36sp,60sp
1523,Snow Serpent,0,22sp,60sp,N/A
1524,Snow Serpent,4,18sp,18sp,26sp
1525,Snow Serpent,2,21sp,21sp,23sp
1526,Yeti,2,41sp,43sp,N/A
1527,Yeti,4,55sp,55sp,66sp
1528,Winter Wolf,3,34sp,34sp,34sp
1529,Winter Wolf,2,28sp,28sp,36sp
1530,Winter Wolf,4,24sp,24sp,26sp
1531,Winter Wolf,1,38sp,38sp,N/A
1532,Winter Wolf,11,2sp,20sp,N/A
1533,Snow Serpent,9,16sp,16sp,31sp
1534,Snow Serpent,11,25sp,25sp,27sp
1535,Winter Wolf,5,24sp,24sp,36sp
1536,Winter Wolf,6,18sp,20sp,N/A
1537,Winter Wolf,3,25sp,25sp,31sp
1538,Winter Wolf,6,15sp,20sp,N/A
1539,Snow Serpent,1,16sp,40sp,N/A
1540,Winter Wolf,9,15sp,22sp,N/A
1541,Winter Wolf,1,32sp,38sp,N/A
1542,Yeti,2,31sp,43sp,N/A
1543,Winter Wolf,5,25sp,25sp,35sp
1544,Snow Serpent,1,18sp,40sp,N/A
1545,Yeti,9,30sp,33sp,N/A
1546,Snow Serpent,2,16sp,20sp,N/A
1547,Winter Wolf,6,21sp,22sp,N/A
1548,Winter Wolf,7,22sp,22sp,N/A
1549,Winter Wolf,2,36sp,36sp,26sp
1550,Snow Serpent,0,14sp,60sp,N/A
1551,Snow Serpent,3,20sp,20sp,26sp
1552,Winter Wolf,3,29sp,29sp,28sp
1553,Snow Serpent,8,22sp,22sp,27sp
1554,Winter Wolf,7,20sp,23sp,N/A
1555,Snow Serpent,5,20sp,20sp,27sp
1556,Yeti,3,38sp,38sp,65sp
1557,Snow Serpent,2,21sp,21sp,24sp
1558,Yeti,0,47sp,55sp,N/A
1559,Snow Serpent,1,15sp,40sp,N/A
1560,Snow Serpent,3,19sp,19sp,23sp
1561,Snow Serpent,4,18sp,18sp,27sp
1562,Yeti,2,48sp,48sp,68sp
1563,Winter Wolf,2,34sp,34sp,37sp
1564,Winter Wolf,2,32sp,32sp,37sp
1565,Snow Serpent,8,25sp,25sp,27sp
1566,Snow Serpent,1,21sp,40sp,N/A
1567,Winter Wolf,0,36sp,50sp,N/A
1568,Winter Wolf,5,28sp,28sp,28sp
1569,Yeti,4,56sp,56sp,58sp
1570,Snow Serpent,0,19sp,60sp,N/A
1571,Snow Serpent,3,15sp,16sp,N/A
1572,Snow Serpent,2,15sp,20sp,N/A
1573,Winter Wolf,2,34sp,34sp,32sp
1574,Snow Serpent,0,22sp,60sp,N/A
1575,Snow Serpent,8,12sp,12sp,N/A
1576,Snow Serpent,0,11sp,60sp,N/A
1577,Yeti,4,33sp,34sp,N/A
1578,Snow Serpent,1,15sp,40sp,N/A
1579,Winter Wolf,1,41sp,41sp,37sp
1580,Snow Serpent,4,18sp,18sp,31sp
1581,Snow Serpent,6,19sp,19sp,22sp
1582,Winter Wolf,1,38sp,38sp,N/A
1583,Snow Serpent,1,19sp,40sp,N/A
1584,Snow Serpent,3,11sp,16sp,N/A
1585,Snow Serpent,3,15sp,15sp,25sp
1586,Yeti,0,59sp,59sp,74sp
1587,Yeti,7,49sp,49sp,52sp
1588,Snow Serpent,0,20sp,60sp,N/A
1589,Snow Serpent,2,19sp,20sp,N/A
1590,Winter Wolf,10,10sp,20sp,N/A
1591,Snow Serpent,0,17sp,60sp,N/A
1592,Winter Wolf,0,41sp,50sp,N/A
1593,Winter Wolf,0,39sp,50sp,N/A
1594,Yeti,6,41sp,41sp,54sp
1595,Yeti,3,49sp,49sp,61sp
1596,Snow Serpent,6,18sp,18sp,31sp
1597,Winter Wolf,3,32sp,32sp,31sp
1598,Snow Serpent,1,18sp,40sp,N/A
1599,Snow Serpent,4,27sp,27sp,29sp
1600,Yeti,6,55sp,55sp,51sp
1601,Winter Wolf,7,20sp,20sp,N/A
1602,Snow Serpent,1,10sp,40sp,N/A
1603,Winter Wolf,0,45sp,50sp,N/A
1604,Snow Serpent,6,19sp,19sp,29sp
1605,Winter Wolf,3,35sp,35sp,35sp
1606,Winter Wolf,0,44sp,50sp,N/A
1607,Yeti,6,55sp,55sp,51sp
1608,Winter Wolf,11,2sp,22sp,N/A
1609,Yeti,3,44sp,44sp,66sp
1610,Snow Serpent,6,18sp,18sp,31sp
1611,Snow Serpent,0,15sp,60sp,N/A
1612,Winter Wolf,1,38sp,38sp,N/A
1613,Snow Serpent,4,15sp,16sp,N/A
1614,Winter Wolf,4,29sp,29sp,37sp
1615,Yeti,5,43sp,43sp,63sp
1616,Snow Serpent,2,13sp,20sp,N/A
1617,Winter Wolf,6,21sp,21sp,N/A
1618,Snow Serpent,9,19sp,19sp,26sp
1619,Snow Serpent,3,24sp,24sp,27sp
1620,Snow Serpent,6,17sp,17sp,30sp
1621,Winter Wolf,3,32sp,32sp,38sp
1622,Winter Wolf,1,38sp,38sp,N/A
1623,Snow Serpent,0,16sp,60sp,N/A
1624,Winter Wolf,2,36sp,36sp,27sp
1625,Winter Wolf,1,32sp,38sp,N/A
1626,Winter Wolf,6,23sp,23sp,N/A
1627,Winter Wolf,2,37sp,37sp,30sp
1628,Winter Wolf,1,40sp,40sp,34sp
1629,Snow Serpent,8,12sp,13sp,N/A
1630,Winter Wolf,7,17sp,23sp,N/A
1631,Snow Serpent,5,21sp,21sp,30sp
1632,Snow Serpent,6,20sp,20sp,25sp
1633,Snow Serpent,3,24sp,24sp,27sp
1634,Yeti,8,34sp,34sp,54sp
1635,Winter Wolf,6,15sp,21sp,N/A
1636,Snow Serpent,1,18sp,40sp,N/A
1637,Snow Serpent,7,13sp,14sp,N/A
1638,Yeti,11,42sp,42sp,46sp
1639,Snow Serpent,5,24sp,24sp,28sp
1640,Yeti,2,37sp,43sp,N/A
1641,Yeti,11,26sp,32sp,N/A
1642,Winter Wolf,6,21sp,21sp,25sp
1643,Winter Wolf,1,36sp,38sp,N/A
1644,Winter Wolf,0,36sp,50sp,N/A
1645,Snow Serpent,0,22sp,60sp,N/A
1646,Winter Wolf,1,30sp,38sp,N/A
1647,Winter Wolf,4,22sp,22sp,N/A
1648,Winter Wolf,0,39sp,50sp,N/A
1649,Yeti,0,53sp,55sp,N/A
1650,Snow Serpent,3,18sp,18sp,31sp
1651,Snow Serpent,4,19sp,19sp,26sp
1652,Snow Serpent,1,13sp,40sp,N/A
1653,Snow Serpent,1,21sp,40sp,N/A
1654,Snow Serpent,5,17sp,17sp,30sp
1655,Winter Wolf,0,40sp,50sp,N/A
1656,Snow Serpent,2,21sp,21sp,26sp
1657,Winter Wolf,3,26sp,26sp,37sp
1658,Winter Wolf,0,39sp,50sp,N/A
1659,Snow Serpent,1,14sp,40sp,N/A
1660,Snow Serpent,0,20sp,60sp,N/A
1661,Winter Wolf,2,35sp,35sp,36sp
1662,Yeti,3,44sp,44sp,66sp
1663,Winter Wolf,8,16sp,20sp,N/A
1664,Winter Wolf,10,5sp,22sp,N/A
1665,Yeti,3,41sp,41sp,66sp
1666,Yeti,2,39sp,43sp,N/A
1667,Snow Serpent,1,18sp,40sp,N/A
1668,Winter Wolf,2,38sp,38sp,34sp
1669,Snow Serpent,7,20sp,20sp,29sp
1670,Snow Serpent,1,15sp,40sp,N/A
1671,Winter Wolf,5,24sp,24sp,32sp
1672,Snow Serpent,6,13sp,14sp,N/A
1673,Winter Wolf,3,28sp,28sp,41sp
1674,Yeti,6,47sp,47sp,53sp
1675,Snow Serpent,3,24sp,24sp,26sp
1676,Yeti,1,56sp,56sp,72sp
